ID,text,date
doc-1,"Die anhaltende Dürreperiode hat zu erheblichen Ernteausfällen geführt. Bauern berichten von dramatischen Einbußen bei der Getreideernte.",2023-01-01
doc-2,"Wegen der anhaltenden Trockenheit sind die Wasservorräte knapp, was zu massiven Schäden in der Landwirtschaft führt. Die Erträge sind drastisch gesunken.",2023-01-02
doc-3,"Die Dürre hat verheerende Auswirkungen auf die Waldgesundheit. Schädlinge in Bonn und Rheinbach wie der Borkenkäfer haben sich rasant vermehrt und dezimieren die Wälder.",2023-01-03
doc-4,"Die Trockenheit hat zu einem massiven Anstieg von Waldbränden geführt, die wertvolle Forstflächen zerstören und die Tierwelt gefährden.",2023-01-04
doc-5,"Die Landwirte leiden unter anhaltender Trockenheit, was zu erheblichen Ernteausfällen bei Mais und Weizen führt. Die finanziellen Verluste sind enorm.",2023-01-05
doc-6,"Die Dürrebedingungen haben die Verbreitung von Waldschädlingen begünstigt, was zu erheblichen Schäden in den Wäldern führt. Der Kiefernbestand ist besonders betroffen.",2023-01-06
doc-7,"Die Wasserknappheit infolge der Dürre hat zu einer Verringerung der Wasserstände in Flüssen und Seen geführt, was wiederum die Fischpopulationen beeinträchtigt.",2023-01-07
doc-8,"Die anhaltende Trockenheit hat zu einer erhöhten Waldbrandgefahr geführt, wodurch wertvolle Ökosysteme gefährdet sind.",2023-01-08
doc-9,"Die Dürre hat zu einem dramatischen Anstieg der Temperaturen geführt, was die Ausbreitung von Insekten und Schädlingen begünstigt, die die Forstwirtschaft bedrohen.",2023-01-09
doc-10,"Die anhaltende Trockenheit hat zu erheblichen Ernteausfällen bei Gemüse und Obst geführt, was zu steigenden Preisen und Nahrungsmittelknappheit führt.",2023-01-10
doc-11,"Die Dürrebedingungen haben zur Ausbreitung von Waldbränden beigetragen, die nicht nur Wälder, sondern auch landwirtschaftliche Nutzflächen in Leipzig Mitleidenschaft ziehen.",2023-01-11
doc-12,"Die anhaltende Trockenheit führt zu einem Rückgang der Bienenpopulationen, was die Bestäubung von Pflanzen gefährdet und die Landwirtschaft beeinträchtigt.",2023-01-12
doc-13,"Die Dürre hat zu einem erhöhten Stress bei Nutztieren geführt, was die Tiergesundheit und die Fleischproduktion beeinflusst.",2023-01-13
doc-14,"Die Forstindustrie leidet unter der Dürre, da sie den Borkenkäferbefall nicht effektiv bekämpfen kann, was zu erheblichen Schäden führt.",2023-01-14
doc-15,"Die anhaltende Trockenheit hat zu einem Rückgang der Wasserqualität in Flüssen und Bächen geführt, was die Wasserressourcen gefährdet.",2023-01-15
doc-16,"Die Dürrebedingungen führen zu einer Zunahme von Waldkrankheiten, die die Stabilität der Wälder beeinträchtigen und die Holzwirtschaft gefährden.",2023-01-16
doc-17,"Die Landwirte kämpfen mit Wasserknappheit und bewässern ihre Felder mit begrenzten Ressourcen, was die landwirtschaftliche Produktivität beeinträchtigt.",2023-01-17
doc-18,"Die Dürre hat zu einem Anstieg von Wildbränden geführt, die nicht nur Wälder, sondern auch landwirtschaftliche Anbauflächen zerstören.",2023-01-18
doc-19,"Die anhaltende Trockenheit beeinträchtigt die Wasserzufuhr für die Viehzucht, was die Fleischproduktion stark reduziert.",2023-01-19
doc-20,"Die Dürre hat zu einem Rückgang der Ernteerträge bei Reis und Mais geführt, was die Nahrungsmittelsicherheit gefährdet.",2023-01-20
doc-21,"Die Landwirte leiden unter der anhaltenden Trockenheit, was zu Ernteausfällen und finanziellen Verlusten führt. Die Situation ist besorgniserregend.",2023-01-21
doc-22,"Die Dürrebedingungen begünstigen die Ausbreitung von Waldbränden, die nicht nur die Forstwirtschaft, sondern auch landwirtschaftliche Nutzflächen bedrohen.",2023-01-22
doc-23,"Die anhaltende Trockenheit hat zu einem Anstieg der Hitzebelastung für landwirtschaftliche Nutztiere geführt, was deren Gesundheit beeinträchtigt.",2023-01-23
doc-24,"Die Dürrebedingungen beeinträchtigen die Wasserqualität in Flüssen und Seen, was die Fischereiindustrie stark belastet.",2023-01-24
doc-25,"Die anhaltende Trockenheit hat zu einem Rückgang der Waldflächen geführt, da Wälder aufgrund von Bränden und Schädlingen verloren gehen.",2023-01-25
doc-26,"Die Dürrebedingungen führen zu einem dramatischen Rückgang der Wasserstände in Stauseen, was die Wasserversorgung und Energieerzeugung gefährdet.",2023-01-26
doc-27,"Die anhaltende Trockenheit hat zu einem starken Anstieg von Waldschädlingen geführt, die wertvolle Baumarten dezimieren.",2023-01-27
doc-28,"Die Dürrebedingungen erschweren die Waldwirtschaft, da die Borkenkäferplage nicht unter Kontrolle gebracht werden kann.",2023-01-28